[
    {
        "name": "rue Samuel de Champlain",
        "url": "mcdonalds-rue-samuel-de-champlain",
        "location": {
            "latitude": 45.6000276,
            "longitude": -73.4467193
        },
        "open": true
    },
    {
        "name": "2901 rue Sherbrooke E",
        "url": "mcdonalds-2901-rue-sherbrooke-est",
        "location": {
            "latitude": 45.5403944,
            "longitude": -73.5595379
        },
        "open": true
    },
    {
        "name": "44 boul. St-Charles",
        "url": "mcdonalds-44-boulevard-saint-charles",
        "location": {
            "latitude": 45.4322572,
            "longitude": -73.8469297
        },
        "open": true
    },
    {
        "name": "boul. Chomedey",
        "url": "mcdonalds-boulevard-chomedey",
        "location": {
            "latitude": 45.5599335,
            "longitude": -73.7526534
        },
        "open": true
    },
    {
        "name": "boul. des Galeries-D'Anjou",
        "url": "mcdonalds-boulevard-des-galeries-danjou",
        "location": {
            "latitude": 45.5967676,
            "longitude": -73.5598255
        },
        "open": true
    },
    {
        "name": "1565 boul. de la C\u00f4te-Vertu",
        "url": "mcdonalds-boulevard-de-la-cote-vertu",
        "location": {
            "latitude": 45.513431,
            "longitude": -73.6841606
        },
        "open": true
    },
    {
        "name": "410 boul. Cur\u00e9-Labelle",
        "url": "mcdonalds-410-boulevard-cure-labelle",
        "location": {
            "latitude": 45.5768008,
            "longitude": -73.7870558
        },
        "open": true
    },
    {
        "name": "ch. de Chambly",
        "url": "mcdonalds-chemin-de-chambly",
        "location": {
            "latitude": 45.5233779,
            "longitude": -73.4663909
        },
        "open": true
    },
    {
        "name": "rue Sherbrooke O",
        "url": "mcdonalds-rue-sherbrooke-ouest",
        "location": {
            "latitude": 45.4771991,
            "longitude": -73.605921
        },
        "open": true
    },
    {
        "name": "boul. St-Laurent",
        "url": "mcdonalds-st-laurent",
        "location": {
            "latitude": 45.5356507,
            "longitude": -73.6192719
        },
        "open": true
    },
    {
        "name": "ch. Queen Mary",
        "url": "mcdonalds-chemin-queen-mary",
        "location": {
            "latitude": 45.4851894,
            "longitude": -73.6283176
        },
        "open": true
    },
    {
        "name": "rue St-Denis",
        "url": "mcdonalds-rue-saint-denis",
        "location": {
            "latitude": 45.5152230447,
            "longitude": -73.563314246
        },
        "open": true
    },
    {
        "name": "av. Beaumont",
        "url": "mcdonalds-avenue-beaumont",
        "location": {
            "latitude": 45.5204272,
            "longitude": -73.6253314
        },
        "open": true
    },
    {
        "name": "rue de Salaberry",
        "url": "mcdonalds-rue-de-salaberry",
        "location": {
            "latitude": 45.5366541,
            "longitude": -73.7005505
        },
        "open": true
    },
    {
        "name": "8025 boul. du Quartier",
        "url": "mcdonalds-8025-boulevard-du-quartier",
        "location": {
            "latitude": 45.4397554,
            "longitude": -73.4430318
        },
        "open": true
    },
    {
        "name": "boul. des Laurentides",
        "url": "mcdonalds-boul-des-laurentides",
        "location": {
            "latitude": 45.61112629458856,
            "longitude": -73.73697591971285
        },
        "open": true
    },
    {
        "name": "ch. de Touraine",
        "url": "mcdonalds-chemin-de-touraine",
        "location": {
            "latitude": 45.5740481257,
            "longitude": -73.4076135398
        },
        "open": true
    },
    {
        "name": "boul. St-Jean-Baptiste",
        "url": "mcdonalds-saint-jean-baptiste",
        "location": {
            "latitude": 45.3198102039,
            "longitude": -73.7389084914
        },
        "open": true
    },
    {
        "name": "boul. Montr\u00e9al-Toronto",
        "url": "mcdonalds-boulevard-montreal-toronto",
        "location": {
            "latitude": 45.448615,
            "longitude": -73.7483586
        },
        "open": true
    },
    {
        "name": "1472 rue Ste-Catherine O",
        "url": "mcdonalds-1472-rue-ste-catherine-ouest",
        "location": {
            "latitude": 45.4955192,
            "longitude": -73.5767955
        },
        "open": true
    },
    {
        "name": "av. Des Aristocrates",
        "url": "mcdonalds-avenue-des-aristocrates",
        "location": {
            "latitude": 45.6137582,
            "longitude": -73.6811338
        },
        "open": true
    },
    {
        "name": "190 boul. Cur\u00e9-Labelle",
        "url": "mcdonalds-190-boulevard-cure-labelle",
        "location": {
            "latitude": 45.6236538,
            "longitude": -73.8009699
        },
        "open": true
    },
    {
        "name": "boul. Lacordaire",
        "url": "mcdonalds-boulevard-lacordaire",
        "location": {
            "latitude": 45.5992626,
            "longitude": -73.6112343
        },
        "open": true
    },
    {
        "name": "boul. Roland-Therrien",
        "url": "mcdonalds-boulevard-roland-therrien",
        "location": {
            "latitude": 45.5435415,
            "longitude": -73.4917448
        },
        "open": true
    },
    {
        "name": "rue Desserte O",
        "url": "mcdonalds-desserte-ouest",
        "location": {
            "latitude": 45.5330986,
            "longitude": -73.7888333
        },
        "open": true
    },
    {
        "name": "boul. M\u00e9tropolitain",
        "url": "mcdonalds-boulevard-metropolitain",
        "location": {
            "latitude": 45.5795804,
            "longitude": -73.5905437
        },
        "open": true
    },
    {
        "name": "405 rue Jean-Talon O",
        "url": "mcdonalds-405-rue-jean-talon-ouest",
        "location": {
            "latitude": 45.5297467,
            "longitude": -73.6230449
        },
        "open": true
    },
    {
        "name": "boul. Newman",
        "url": "mcdonalds-boulevard-newman",
        "location": {
            "latitude": 45.4333521,
            "longitude": -73.6281237
        },
        "open": true
    },
    {
        "name": "boul. Cur\u00e9-Poirier O",
        "url": "mcdonalds-boulevard-cure-poirier-ouest",
        "location": {
            "latitude": 45.5134785,
            "longitude": -73.4915926
        },
        "open": true
    },
    {
        "name": "boul. de la Concorde E",
        "url": "mcdonalds-boulevard-de-la-concorde-east",
        "location": {
            "latitude": 45.5914244,
            "longitude": -73.6703348
        },
        "open": true
    },
    {
        "name": "boul. D\u00e9carie",
        "url": "mcdonalds-boulevard-decarie",
        "location": {
            "latitude": 45.495058,
            "longitude": -73.6560336
        },
        "open": true
    },
    {
        "name": "rue Ontario E",
        "url": "mcdonalds-rue-ontario-e",
        "location": {
            "latitude": 45.533899,
            "longitude": -73.5508902
        },
        "open": true
    },
    {
        "name": "boul. Henri-Bourassa E",
        "url": "mcdonalds-boulevard-henri-bourassa-est",
        "location": {
            "latitude": 45.6253297,
            "longitude": -73.5825304
        },
        "open": true
    },
    {
        "name": "4928 boul. des Sources",
        "url": "mcdonalds-boulevard-des-sources",
        "location": {
            "latitude": 45.5058319,
            "longitude": -73.8203609
        },
        "open": true
    },
    {
        "name": "rue de Montarville",
        "url": "mcdonalds-rue-de-montarville",
        "location": {
            "latitude": 45.5273755,
            "longitude": -73.3417305
        },
        "open": true
    },
    {
        "name": "rue St-Laurent O",
        "url": "mcdonalds-rue-saint-laurent-ouest",
        "location": {
            "latitude": 45.5284374,
            "longitude": -73.5124065
        },
        "open": true
    },
    {
        "name": "boul. St-Martin O",
        "url": "mcdonalds-boulevard-saint-martin-ouest",
        "location": {
            "latitude": 45.565605,
            "longitude": -73.7334645
        },
        "open": true
    },
    {
        "name": "Pl. Charles-Lemoyne",
        "url": "mcdonalds-place-charles-le-moyne",
        "location": {
            "latitude": 45.5249179,
            "longitude": -73.5221767
        },
        "open": true
    },
    {
        "name": "8235 rue Notre-Dame E",
        "url": "mcdonalds-rue-notre-dame-est",
        "location": {
            "latitude": 45.5929911,
            "longitude": -73.5111616
        },
        "open": true
    },
    {
        "name": "rue St-Jacques O",
        "url": "mcdonalds-rue-saint-jacques-ouest",
        "location": {
            "latitude": 45.4545265,
            "longitude": -73.6331692
        },
        "open": true
    },
    {
        "name": "boul. Sir Wilfred-Laurier",
        "url": "mcdonalds-boulevard-sir-wilfred-laurier",
        "location": {
            "latitude": 45.4951406,
            "longitude": -73.5008387
        },
        "open": true
    },
    {
        "name": "1999 boul. Roland-Therrien",
        "url": "mcdonalds-1999th-boulevard-roland-therrien",
        "location": {
            "latitude": 45.5374209,
            "longitude": -73.474618
        },
        "open": true
    },
    {
        "name": "Grande All\u00e9e",
        "url": "mcdonalds-boulevard-grande-allee",
        "location": {
            "latitude": 45.4568164,
            "longitude": -73.4174418
        },
        "open": true
    },
    {
        "name": "5990 boul. Cousineau",
        "url": "mcdonalds-5990-boulevard-cousineau",
        "location": {
            "latitude": 45.4956037,
            "longitude": -73.4089454
        },
        "open": true
    },
    {
        "name": "boul. Samson",
        "url": "mcdonalds-boulevard-samson",
        "location": {
            "latitude": 45.5221539,
            "longitude": -73.7887377
        },
        "open": true
    },
    {
        "name": "12090 rue Sherbrooke E",
        "url": "mcdonalds-sherbrooke-east",
        "location": {
            "latitude": 45.6442957,
            "longitude": -73.5131289
        },
        "open": true
    },
    {
        "name": "Desserte S aut.",
        "url": "mcdonalds-4610-desserte-sud-autoroute",
        "location": {
            "latitude": 45.5587132,
            "longitude": -73.7923445
        },
        "open": true
    },
    {
        "name": "rue Lajeunesse",
        "url": "mcdonalds-rue-lajeunesse",
        "location": {
            "latitude": 45.5536346,
            "longitude": -73.663489
        },
        "open": true
    },
    {
        "name": "ch. de la C\u00f4te-des-Neiges",
        "url": "mcdonalds-chemin-de-la-cote-des-neiges",
        "location": {
            "latitude": 45.5007041,
            "longitude": -73.6311386
        },
        "open": true
    },
    {
        "name": "150 rue Ste-Catherine O",
        "url": "mcdonalds-150-sainte-catherine",
        "location": {
            "latitude": 45.5083211827,
            "longitude": -73.5649008926
        },
        "open": true
    },
    {
        "name": "boul. des Ch\u00e2teaux",
        "url": "mcdonalds-boulevard-des-chateaux",
        "location": {
            "latitude": 45.6546755,
            "longitude": -73.8014217
        },
        "open": true
    },
    {
        "name": "boul. Maurice-Duplessis",
        "url": "mcdonalds-boulevard-maurice-duplessis",
        "location": {
            "latitude": 45.6280767,
            "longitude": -73.5950275
        },
        "open": true
    },
    {
        "name": "rue St-Hubert",
        "url": "mcdonalds-rue-saint-hubert",
        "location": {
            "latitude": 45.5363746,
            "longitude": -73.6029988
        },
        "open": true
    },
    {
        "name": "boul. Champlain",
        "url": "mcdonalds-boulevard-champlain",
        "location": {
            "latitude": 45.4268578,
            "longitude": -73.6116368
        },
        "open": true
    },
    {
        "name": "av. Marc-Aur\u00e8le-Fortin",
        "url": "mcdonalds-avenue-marc-aurele-fortin",
        "location": {
            "latitude": 45.5998204,
            "longitude": -73.8017098
        },
        "open": true
    },
    {
        "name": "3882 boul. St-Charles",
        "url": "mcdonalds-3882-boulevard-saint-charles",
        "location": {
            "latitude": 45.4608474,
            "longitude": -73.867533
        },
        "open": true
    },
    {
        "name": "ch. de la Haute-Riviere",
        "url": "mcdonalds-chemin-haute-riviere",
        "location": {
            "latitude": 45.3455071,
            "longitude": -73.7550022
        },
        "open": true
    },
    {
        "name": "7275 rue Sherbrooke E",
        "url": "mcdonalds-7275-rue-sherbrooke-est",
        "location": {
            "latitude": 45.592173136309064,
            "longitude": -73.54398880321045
        },
        "open": true
    },
    {
        "name": "boul. LaSalle",
        "url": "mcdonalds-boulevard-lasalle",
        "location": {
            "latitude": 45.4608065,
            "longitude": -73.562709
        },
        "open": true
    },
    {
        "name": "3279 boul. Taschereau",
        "url": "mcdonalds-boulevard-taschereau",
        "location": {
            "latitude": 45.494655,
            "longitude": -73.4799028
        },
        "open": true
    },
    {
        "name": "ch. St-Fran\u00e7ois-Xavier",
        "url": "mcdonalds-chemin-saint-fran\u00e7ois-xavier",
        "location": {
            "latitude": 45.381871,
            "longitude": -73.5345785
        },
        "open": true
    },
    {
        "name": "boul. du Mill\u00e9naire",
        "url": "mcdonalds-boulevard-du-millenaire",
        "location": {
            "latitude": 45.5237414,
            "longitude": -73.3022963
        },
        "open": true
    },
    {
        "name": "28E av.",
        "url": "mcdonalds-28e-avenue",
        "location": {
            "latitude": 45.4365314,
            "longitude": -73.6879105
        },
        "open": true
    },
    {
        "name": "boul. Pie-IX #1x",
        "url": "mcdonalds-boulevard-pie-ix-1x",
        "location": {
            "latitude": 45.5864581,
            "longitude": -73.6320192
        },
        "open": true
    },
    {
        "name": "rue Peel",
        "url": "mcdonalds-rue-peel",
        "location": {
            "latitude": 45.4938372,
            "longitude": -73.558343
        },
        "open": true
    },
    {
        "name": "6415 rue Sherbrooke E",
        "url": "mcdonalds-rue-sherbrooke-est",
        "location": {
            "latitude": 45.5808595,
            "longitude": -73.5446021
        },
        "open": true
    },
    {
        "name": "Voie de Desserte de la Route",
        "url": "mcdonalds-voie-de-desserte-de-la-route",
        "location": {
            "latitude": 45.39322216501818,
            "longitude": -73.5867484175659
        },
        "open": true
    },
    {
        "name": "boul. Langelier",
        "url": "mcdonalds-boulevard-langelier",
        "location": {
            "latitude": 45.5949769,
            "longitude": -73.5808427
        },
        "open": true
    },
    {
        "name": "boul. Rosemont",
        "url": "mcdonalds-boulevard-rosemont",
        "location": {
            "latitude": 45.5367908,
            "longitude": -73.5936169
        },
        "open": true
    },
    {
        "name": "3065 boul. des Sources",
        "url": "mcdonalds-3065-boul-des-sources",
        "location": {
            "latitude": 45.4820735,
            "longitude": -73.7930161
        },
        "open": true
    },
    {
        "name": "896 boul. Cur\u00e9-Labelle",
        "url": "mcdonalds-boulevard-cure-labelle",
        "location": {
            "latitude": 45.541038,
            "longitude": -73.7492426
        },
        "open": true
    },
    {
        "name": "850 rue Ste-Catherine E",
        "url": "mcdonalds-850-rue-stainte-catherine-est",
        "location": {
            "latitude": 45.5157648,
            "longitude": -73.5583967
        },
        "open": true
    },
    {
        "name": "5252 ch. de la C\u00f4te-des-Neiges",
        "url": "mcdonalds-5252-chemin-de-la-cote-des-neiges",
        "location": {
            "latitude": 45.4956537,
            "longitude": -73.6216085
        },
        "open": true
    },
    {
        "name": "av. Atwater",
        "url": "mcdonalds-avenue-atwater",
        "location": {
            "latitude": 45.4895571385,
            "longitude": -73.5853269122
        },
        "open": true
    },
    {
        "name": "boul. Moody",
        "url": "mcdonalds-boulevard-moody",
        "location": {
            "latitude": 45.7052845,
            "longitude": -73.6504275
        },
        "open": true
    },
    {
        "name": "rue Jean-Talon E",
        "url": "mcdonalds-boulevard-jean-talon-est",
        "location": {
            "latitude": 45.5744378,
            "longitude": -73.5841893
        },
        "open": true
    },
    {
        "name": "boul. Jacques-Cartier E",
        "url": "mcdonalds-boulevard-jacques-cartier-est",
        "location": {
            "latitude": 45.5675217063,
            "longitude": -73.4493334085
        },
        "open": true
    },
    {
        "name": "3330 boul. de la C\u00f4te-Vertu",
        "url": "mcdonalds-3330-boulevard-de-la-cote-vertu",
        "location": {
            "latitude": 45.495717,
            "longitude": -73.7042972
        },
        "open": true
    },
    {
        "name": "3026 rue Notre-Dame O",
        "url": "mcdonalds-3026-rue-notre-dame-ouest",
        "location": {
            "latitude": 45.4807234,
            "longitude": -73.578532
        },
        "open": true
    },
    {
        "name": "7450 boul. Taschereau",
        "url": "mcdonalds-7450-boulevard-taschereau",
        "location": {
            "latitude": 45.456419,
            "longitude": -73.4657071
        },
        "open": true
    },
    {
        "name": "ch. de la C\u00f4te-Saint-Luc",
        "url": "mcdonalds-chemin-de-la-cote-saint-Luc",
        "location": {
            "latitude": 45.4662322,
            "longitude": -73.6536789
        },
        "open": true
    },
    {
        "name": "rue du March\u00e9 Central",
        "url": "mcdonalds-rue-du-marche-central",
        "location": {
            "latitude": 45.5346331,
            "longitude": -73.6599589
        },
        "open": true
    },
    {
        "name": "640 rue Ste-Catherine O",
        "url": "mcdonalds-rue-sainte-catherine-ouest",
        "location": {
            "latitude": 45.5033021,
            "longitude": -73.5694281
        },
        "open": true
    },
    {
        "name": "boul. St-Jean",
        "url": "mcdonalds-boulevard-saint-jean",
        "location": {
            "latitude": 45.4707154,
            "longitude": -73.8330899
        },
        "open": true
    },
    {
        "name": "2010 rue Papineau",
        "url": "mcdonalds-rue-papineau",
        "location": {
            "latitude": 45.5258939,
            "longitude": -73.560031
        },
        "open": true
    },
    {
        "name": "ch. de St-Jean",
        "url": "mcdonalds-chemin-de-saint-jean",
        "location": {
            "latitude": 45.4088386,
            "longitude": -73.4737056
        },
        "open": true
    },
    {
        "name": "rue Masson",
        "url": "mcdonalds-rue-masson",
        "location": {
            "latitude": 45.5434004,
            "longitude": -73.5773609
        },
        "open": true
    },
    {
        "name": "9797 rue Papineau",
        "url": "mcdonalds-9797-rue-papineau",
        "location": {
            "latitude": 45.5659162,
            "longitude": -73.646725
        },
        "open": true
    },
    {
        "name": "boul. D'Anjou",
        "url": "mcdonalds-boulevard-danjou",
        "location": {
            "latitude": 45.3587318551,
            "longitude": -73.7207648736
        },
        "open": true
    },
    {
        "name": "boul. St-Michel",
        "url": "mcdonalds-boulevard-saint-michel",
        "location": {
            "latitude": 45.5616577,
            "longitude": -73.603967
        },
        "open": true
    }
]